Address_US,Freq,last_update,Web,Gender,Address_RES,Purchase,Spending
1,2,3662,1,0,1,1,128
1,0,2900,1,1,0,0,0
1,2,3883,0,0,0,1,127
1,1,829,0,1,0,0,0
1,1,869,0,0,0,0,0
1,1,1995,0,0,1,0,0
1,2,1498,0,0,1,0,0
1,1,3397,0,1,0,0,0
1,4,525,1,1,0,1,489
1,1,3215,0,0,0,1,174
1,0,734,0,1,0,0,0
1,2,1275,0,0,1,0,0
1,1,2802,1,1,0,0,0
1,5,2081,0,1,0,1,1416
0,1,1465,0,0,1,1,192
0,1,2523,1,0,0,0,0
1,2,1801,1,0,1,0,0
0,0,3694,1,0,0,0,0
1,2,1879,1,1,1,1,130
1,0,3120,0,1,0,0,0
1,2,2943,1,0,0,1,386
1,2,1928,0,1,0,1,161
1,1,310,0,0,1,0,0
1,2,1463,0,0,1,1,174
1,3,3613,1,1,0,1,131
1,1,2460,1,0,0,1,189
0,0,3394,0,0,0,0,0
1,0,1569,1,0,0,0,0
1,1,3299,0,0,0,1,90
1,2,3744,0,1,0,1,354
1,0,3090,0,0,0,0,0
0,2,2947,1,0,0,1,352
0,1,2123,0,1,0,0,0
1,0,2905,1,1,0,0,0
0,0,2005,0,1,1,0,0
1,1,1158,0,1,1,0,0
1,2,2478,0,1,0,1,185
0,1,1058,0,0,0,0,0
1,1,1774,0,0,0,0,0
1,0,3694,1,0,0,0,0
1,2,1752,1,0,1,0,0
1,2,3698,0,1,0,1,34
1,2,1318,0,1,1,1,161
1,9,868,1,0,1,1,639
1,2,2752,0,1,0,1,638
1,1,3338,0,1,1,1,159
1,0,3747,0,0,0,0,0
1,0,2905,1,0,0,0,0
1,2,1786,0,0,0,1,41
0,1,316,1,1,0,0,0
1,2,2226,0,1,0,1,232
1,2,1920,0,0,1,0,0
1,8,106,1,0,0,1,1030
1,0,1822,1,1,0,0,0
1,1,1170,1,1,0,1,375
1,0,3157,0,1,1,0,0
1,5,1856,0,0,1,1,362
0,1,2212,0,0,0,1,95
1,2,3338,0,1,0,1,109
1,0,3367,0,1,0,0,0
1,3,2957,1,1,0,1,136
1,1,834,0,1,0,0,0
1,3,2908,0,1,0,1,261
1,1,906,1,1,0,1,43
1,6,1408,0,1,1,1,389
1,3,1835,1,0,0,1,80
1,1,2803,0,0,0,0,0
1,4,479,1,1,0,1,394
1,6,1470,0,1,0,1,588
1,1,3654,1,1,0,0,0
1,1,3716,0,0,1,1,298
1,0,3125,0,0,0,0,0
1,4,1995,0,1,1,0,0
1,0,3747,0,1,0,0,0
1,1,2438,0,1,1,0,0
1,1,2848,1,1,0,0,0
0,1,3125,1,1,0,1,160
1,2,541,1,1,1,1,50
1,1,2859,1,0,0,1,161
1,1,1095,1,0,1,0,0
1,1,2508,0,1,0,1,233
1,1,2862,0,0,0,1,129
1,0,3745,1,0,0,0,0
1,2,3698,1,0,0,1,98
1,0,3746,0,1,0,0,0
1,2,2962,1,0,0,1,132
1,2,841,1,0,1,1,158
1,1,2912,1,1,0,0,0
0,2,458,1,0,0,1,248
1,1,1269,1,0,0,1,277
1,1,2982,1,1,0,0,0
1,1,1415,1,0,1,0,0
1,0,4005,0,0,0,0,0
1,1,2102,1,1,0,1,54
1,1,2872,0,1,0,0,0
1,1,2548,1,0,0,1,230
1,0,2740,0,0,0,0,0
1,0,217,0,0,0,0,0
0,1,366,0,1,0,0,0
1,3,822,1,0,1,1,287
1,0,3746,0,0,0,0,0
1,1,3772,0,1,0,0,0
1,0,2781,0,1,0,0,0
1,1,511,0,0,0,0,0
1,1,1112,0,1,0,1,164
0,1,2807,1,0,0,1,405
1,0,1011,0,1,0,0,0
1,1,2907,0,1,0,1,160
1,1,3724,0,1,0,1,305
1,1,3356,0,0,0,0,0
0,3,3791,1,1,1,1,534
1,2,3642,1,0,0,0,0
0,1,4005,1,1,0,1,105
1,1,1130,1,1,0,1,79
1,6,1128,1,0,1,1,404
1,2,1521,0,1,1,0,0
1,2,1882,0,1,1,0,0
0,2,1529,0,1,0,1,186
1,1,2404,0,0,0,1,114
1,1,667,0,1,0,1,324
1,1,4157,1,1,0,1,69
1,2,3436,1,1,0,1,225
1,1,1154,0,0,1,1,205
1,1,1263,1,1,0,0,0
1,1,1863,0,1,1,1,167
1,3,731,0,0,1,0,0
1,0,1816,1,0,0,0,0
1,1,1302,1,1,0,1,67
1,2,785,1,0,0,1,206
1,1,3883,0,1,0,1,67
1,1,2960,0,1,1,1,120
1,5,617,0,0,0,1,356
1,1,3009,0,0,1,1,129
1,1,2404,0,1,0,0,0
1,1,1968,0,1,0,0,0
1,4,1121,1,1,0,1,420
1,0,2879,1,0,0,0,0
1,1,2648,1,1,0,1,130
1,0,2891,1,1,0,0,0
1,3,1240,1,1,1,1,141
1,1,2856,0,1,0,0,0
1,0,2977,0,0,0,0,0
1,1,2960,1,1,0,1,129
1,1,3047,0,1,1,0,0
1,0,2765,1,0,0,0,0
1,1,1109,0,0,0,1,21
1,5,2268,0,0,0,1,605
1,1,1147,1,0,0,1,164
1,2,2425,0,0,0,1,130
1,1,2296,0,0,0,1,161
1,0,3619,0,0,0,0,0
1,2,1016,1,0,0,1,451
1,1,723,0,1,1,0,0
1,2,841,0,1,1,0,0
1,1,890,0,1,0,0,0
1,3,1242,1,1,1,1,432
1,0,3747,1,1,0,0,0
1,1,2060,0,1,0,0,0
1,2,3074,1,0,0,1,163
1,3,2024,0,1,0,1,547
1,0,3138,1,0,1,0,0
1,1,3334,1,0,0,0,0
0,0,90,0,1,0,0,0
1,1,2632,1,0,0,1,140
1,1,3451,1,0,0,0,0
0,2,3543,0,0,0,1,129
1,1,169,1,1,0,1,163
1,3,3662,0,1,1,1,310
1,2,582,1,1,0,1,326
1,2,969,0,0,1,1,43
1,1,1968,1,1,0,0,0
0,1,364,1,0,0,1,249
0,0,2185,0,1,0,0,0
1,0,91,0,0,0,0,0
1,0,3502,0,1,0,0,0
1,1,3485,0,1,0,0,0
1,1,2855,0,1,0,0,0
1,1,1890,1,0,0,1,77
1,1,3944,1,1,0,1,68
1,3,2347,0,0,0,1,219
1,1,3237,0,1,1,0,0
1,2,3772,1,0,0,1,149
0,2,3583,1,0,0,1,140
0,1,140,0,1,1,0,0
1,1,2960,0,1,1,1,129
1,1,1598,1,1,0,1,40
1,3,1689,0,0,1,1,108
1,1,2675,0,1,0,1,30
1,4,1989,0,1,0,1,130
1,1,1569,1,1,0,1,32
1,1,1906,1,0,0,1,50
1,1,2408,1,0,0,1,54
1,2,1864,0,1,0,1,243
1,1,2947,0,0,0,1,80
0,2,2723,1,1,0,1,237
1,1,3660,1,1,0,0,0
1,1,2893,0,1,0,0,0
1,3,2466,1,1,0,1,145
1,2,1882,0,0,1,0,0
0,1,2502,0,0,1,0,0
1,3,2024,1,1,0,1,437
1,2,2080,1,1,1,1,35
1,2,1856,0,0,1,0,0
1,1,583,0,0,0,1,412
0,0,3369,0,0,0,0,0
1,0,181,0,0,0,0,0
1,1,50,1,1,0,1,25
1,1,3270,1,0,0,1,153
0,1,1926,0,1,0,1,62
1,1,1567,1,0,0,1,32
1,2,2404,1,0,0,1,187
1,1,906,0,0,0,1,80
1,2,1577,1,0,0,1,277
1,2,1037,0,1,0,1,278
0,1,2768,0,0,0,0,0
1,1,3522,0,0,0,0,0
0,4,511,1,0,0,1,268
1,1,833,0,0,0,0,0
1,3,191,1,1,0,1,363
1,1,182,1,1,0,1,1075
1,2,2201,0,0,0,1,164
1,3,1962,1,1,1,0,0
1,1,3236,1,1,0,1,128
0,2,583,1,0,0,1,69
1,1,3453,1,0,0,0,0
1,0,3746,0,1,0,0,0
1,1,2081,1,0,1,1,130
0,1,2541,0,0,0,1,174
1,3,2205,0,0,0,1,36
1,1,3263,0,0,0,0,0
1,1,2918,1,1,0,0,0
1,1,2996,1,0,0,1,184
0,1,1701,0,0,0,1,110
1,1,3883,1,1,0,1,33
1,2,2802,1,0,0,1,130
1,1,1946,1,0,0,1,130
1,1,2562,1,1,0,1,35
1,1,2705,0,1,0,1,130
1,1,2333,1,1,1,1,161
1,2,2933,1,1,0,1,54
1,1,290,1,1,0,1,163
1,0,3745,0,1,0,0,0
1,1,3517,0,0,0,0,0
1,1,890,0,1,0,0,0
0,1,42,0,0,1,0,0
0,1,772,0,0,0,1,80
1,2,2194,0,0,1,1,161
0,2,1141,0,1,0,1,208
1,1,3011,0,1,0,1,80
1,2,2080,1,0,1,1,35
1,0,3507,0,0,0,0,0
1,1,1968,1,1,0,0,0
1,1,962,0,0,0,1,141
1,1,2212,0,0,0,0,0
1,1,2648,1,1,0,1,130
1,2,1415,0,1,1,0,0
1,2,1758,1,1,0,1,167
1,1,2383,0,1,0,0,0
0,1,814,1,1,0,1,172
1,1,58,1,0,0,1,99
0,0,3528,1,1,0,0,0
1,1,2960,0,0,0,1,130
1,2,1882,1,0,0,1,210
1,0,2737,0,1,1,0,0
1,2,2163,0,0,0,1,107
0,1,1683,0,0,0,1,85
1,6,800,1,1,0,1,1294
1,2,304,1,0,0,1,303
1,4,1134,1,0,0,1,271
1,1,1361,0,0,0,1,1250
1,2,1204,0,0,0,1,81
1,1,4065,0,0,0,1,32
1,0,616,1,0,1,0,0
1,1,1415,0,1,1,0,0
0,0,2705,0,1,0,0,0
1,1,107,1,1,0,1,129
0,2,2009,0,1,0,1,163
1,1,833,0,1,0,0,0
0,3,1086,0,1,1,1,135
1,4,1879,0,0,0,1,164
1,0,744,1,0,0,0,0
1,2,1786,1,0,0,1,95
1,4,1129,0,0,0,1,280
1,2,1899,0,0,1,1,166
1,0,301,0,1,0,0,0
1,1,1162,1,0,1,1,164
1,0,2735,0,1,0,0,0
1,1,2478,0,0,0,1,136
1,1,7,0,1,0,1,129
0,2,1130,0,0,0,1,309
0,0,1035,1,1,1,0,0
1,2,2891,1,0,1,1,143
1,1,2599,1,0,0,1,130
0,3,1415,0,1,1,0,0
1,2,1120,1,1,0,1,200
1,1,833,0,1,0,0,0
0,3,283,0,0,0,1,405
1,2,1752,1,1,0,0,0
1,1,3025,1,0,0,1,153
1,2,1175,0,0,0,1,44
1,2,3791,1,1,0,1,88
0,1,2767,1,0,0,1,124
1,1,1690,0,0,0,1,90
1,1,1666,0,0,0,1,165
0,1,2793,1,0,0,1,170
1,1,512,0,0,1,0,0
1,0,3914,0,0,0,0,0
1,1,1290,0,0,0,1,112
0,1,1626,0,0,0,1,165
1,1,1968,1,0,0,1,255
1,1,2305,1,0,0,1,60
1,0,1505,0,1,0,0,0
1,4,526,1,0,1,1,427
1,0,3394,0,1,0,0,0
1,1,1991,0,1,0,1,261
0,1,3453,0,1,0,0,0
0,1,408,0,0,1,1,188
1,1,2102,1,1,0,1,161
1,4,2100,0,1,0,1,204
0,3,3398,1,0,0,1,192
0,2,3479,0,0,1,1,189
1,0,441,1,1,0,0,0
1,2,520,1,1,0,1,212
1,2,2194,0,1,1,1,30
1,2,217,1,1,0,0,0
1,0,3401,0,1,0,0,0
1,2,1582,1,0,1,1,3
1,1,2380,1,1,0,0,0
1,0,3522,0,0,0,0,0
1,1,868,1,0,0,0,0
1,1,2758,1,0,0,1,161
1,3,2481,1,1,0,1,619
1,0,3522,0,0,0,0,0
1,0,2943,0,1,0,0,0
1,1,2404,0,1,0,1,114
1,1,2278,1,1,0,0,0
1,0,1710,1,0,0,0,0
1,1,833,0,0,0,0,0
1,1,2529,0,0,0,0,0
1,1,868,0,1,0,0,0
1,2,916,1,0,1,1,43
1,0,2539,0,1,0,0,0
1,1,2299,0,1,0,0,0
1,1,1864,0,0,0,1,30
0,2,295,0,0,0,1,164
1,2,1128,0,1,0,1,248
1,4,492,1,1,1,1,139
1,1,3334,0,1,0,0,0
1,1,2962,1,1,0,1,96
1,1,4157,0,1,0,1,98
1,1,891,1,1,0,1,81
1,3,2065,0,1,0,1,197
1,1,1346,0,1,1,0,0
1,2,2054,1,1,0,1,25
0,3,1134,0,0,1,1,314
1,1,2831,1,1,0,0,0
1,2,681,0,0,1,0,0
1,1,3185,0,1,1,0,0
1,1,3548,0,0,0,0,0
1,0,304,0,1,1,0,0
1,2,3382,0,0,0,0,0
0,3,841,1,1,1,1,50
1,0,2744,1,0,0,0,0
0,1,2073,0,0,0,0,0
1,2,3655,0,1,0,1,35
0,1,1463,1,1,0,0,0
1,1,3011,0,1,0,0,0
1,1,2802,1,1,0,1,161
1,3,2016,1,0,0,1,1353
1,10,430,1,1,0,1,1184
1,1,3146,1,0,0,1,10
1,0,3507,0,0,0,0,0
1,2,1536,0,1,0,1,1500
1,1,3248,0,0,1,1,132
1,1,3095,0,0,0,0,0
0,1,3235,1,1,1,1,110
1,2,1031,0,1,0,1,191
1,3,2201,0,0,0,1,99
1,1,2529,1,0,0,1,35
1,3,3129,0,1,0,1,217
1,2,3283,1,0,0,1,128
1,1,1646,1,0,1,0,0
1,0,3401,0,0,0,0,0
0,3,479,0,0,0,1,459
1,1,1192,1,1,0,1,44
1,1,314,0,1,0,1,149
0,2,506,1,1,0,1,282
1,2,2072,0,0,0,1,105
1,1,2618,1,1,1,1,6
1,1,9,0,1,1,1,196
1,1,3278,1,0,0,1,153
1,1,217,0,0,1,0,0
1,3,1529,0,1,1,1,424
1,3,3583,0,0,0,1,205
1,2,1856,0,0,1,0,0
1,0,2632,0,1,0,0,0
1,2,1415,0,1,1,0,0
1,0,1249,0,0,0,0,0
1,0,3159,1,0,0,0,0
0,2,458,1,1,0,1,114
0,2,864,0,1,0,1,163
1,0,3747,0,0,0,0,0
1,2,3975,1,1,0,1,170
1,2,2044,1,1,1,1,136
1,2,1646,0,1,1,1,83
1,0,1709,0,0,0,0,0
1,1,2404,0,0,0,1,114
1,0,2765,0,0,0,0,0
1,1,906,1,0,1,1,141
1,2,1498,1,0,1,1,40
0,0,2891,0,1,0,0,0
0,2,2744,1,0,0,1,86
1,1,1646,0,1,1,0,0
1,1,1240,0,0,0,0,0
1,0,2802,0,1,0,0,0
1,0,534,0,1,1,0,0
1,2,1346,0,0,1,0,0
1,3,1842,1,1,1,1,169
1,2,1780,0,0,1,0,0
1,2,247,0,0,0,1,324
1,1,2919,0,1,1,0,0
1,0,2735,0,1,0,0,0
1,1,758,0,1,0,1,83
1,4,1122,0,0,0,1,274
0,3,1137,0,0,1,1,287
1,1,644,0,1,1,0,0
0,4,1794,1,1,1,1,259
1,1,3125,1,0,0,1,103
1,1,974,0,0,0,0,0
0,0,3747,0,1,0,0,0
1,2,216,1,0,0,1,134
1,4,1498,0,1,1,1,209
1,3,1739,0,1,0,1,226
1,0,345,1,1,0,0,0
1,2,1801,1,1,0,0,0
1,1,216,1,1,0,0,0
1,2,1130,0,0,0,1,252
0,1,1612,0,0,0,1,43
1,3,1568,1,0,0,1,344
1,1,2102,1,1,0,1,54
1,1,2863,0,0,0,0,0
1,1,535,0,1,1,1,149
1,1,3430,0,0,0,0,0
0,1,1207,0,1,0,0,0
1,1,486,0,1,0,1,30
1,1,3262,1,1,0,1,158
1,1,2249,0,0,0,1,54
0,3,2647,0,1,0,1,1255
1,2,3593,0,1,0,1,98
1,1,1890,0,0,0,1,85
1,1,3306,0,0,0,0,0
1,0,3747,0,0,0,0,0
0,1,4188,1,1,0,1,137
1,1,2772,1,0,0,1,135
1,2,1261,0,0,0,1,44
1,1,827,1,1,0,1,163
1,2,3590,1,0,0,1,116
1,2,1120,1,0,1,1,172
1,3,1570,1,0,0,1,104
1,2,1253,0,1,0,0,0
1,1,2977,0,0,0,1,70
0,2,458,1,0,0,1,271
1,1,1962,1,1,1,0,0
1,1,3255,1,1,0,0,0
0,1,1091,0,0,0,0,0
1,1,1010,0,0,0,0,0
1,1,2991,1,0,1,1,184
1,0,2740,0,0,0,0,0
1,0,2728,1,1,0,0,0
1,1,4065,0,1,0,0,0
1,1,2102,1,0,0,1,161
0,0,220,0,1,0,0,0
1,1,216,0,1,0,0,0
1,2,2950,0,1,0,0,0
1,1,23,0,1,0,0,0
1,1,2999,1,0,0,1,34
1,3,463,1,1,0,1,322
1,1,743,0,0,0,0,0
1,1,700,1,1,1,0,0
1,2,197,1,0,0,0,0
1,3,301,0,0,0,1,1249
1,0,2905,1,0,0,0,0
0,1,665,0,1,1,0,0
1,1,308,0,1,0,1,40
1,0,2735,0,0,0,0,0
1,1,2415,1,1,0,1,35
1,1,113,1,0,0,1,308
1,4,1653,1,0,1,1,192
1,0,3507,0,1,0,0,0
1,2,1708,1,1,0,1,122
1,1,3822,0,1,0,0,0
0,2,1976,0,0,0,1,43
1,5,240,0,0,1,1,588
1,4,2481,1,0,0,1,160
1,0,2877,0,1,0,0,0
1,2,2812,0,0,0,1,183
1,0,1227,0,1,0,0,0
1,3,2052,0,0,0,1,200
1,2,2746,1,0,1,1,182
0,1,2236,0,0,0,0,0
1,1,216,0,1,0,0,0
1,0,1451,0,0,0,0,0
0,0,3353,1,1,0,0,0
1,1,206,0,0,0,0,0
1,2,2962,1,1,0,1,95
1,1,3655,0,1,0,0,0
0,0,3107,0,0,0,0,0
1,1,3549,1,1,0,1,229
1,0,1710,0,1,0,0,0
1,1,196,0,1,0,0,0
1,1,3020,1,0,0,1,129
1,0,3747,0,1,0,0,0
1,0,2767,1,1,0,0,0
0,0,3747,1,0,0,0,0
1,0,2730,0,0,0,0,0
1,3,1592,1,1,1,1,30
1,1,681,1,0,1,0,0
1,2,3718,0,0,0,1,98
1,2,1379,0,0,1,1,63
1,3,148,0,1,1,1,214
1,0,3353,1,1,0,0,0
0,1,206,1,0,0,1,264
1,0,2781,0,0,0,0,0
1,1,216,1,0,0,0,0
0,0,3159,0,1,1,0,0
1,1,1792,1,0,0,1,167
1,1,2845,0,1,0,1,120
1,1,2607,1,0,0,1,6
1,1,118,0,0,0,0,0
1,2,1498,0,1,1,0,0
0,0,3489,0,1,0,0,0
1,1,1008,0,0,0,0,0
0,1,17,1,0,0,1,94
1,2,491,1,1,1,1,139
1,1,2941,1,1,0,0,0
1,1,1536,0,0,0,0,0
0,2,3513,1,1,0,1,219
1,1,1184,0,1,0,1,44
0,2,3636,1,1,0,1,128
1,0,3745,1,0,0,0,0
0,2,1995,1,0,1,1,243
0,1,2102,1,1,0,1,171
1,1,1851,1,1,0,1,30
1,1,3684,0,1,0,0,0
1,1,3027,1,0,0,1,96
0,0,3747,1,0,0,0,0
1,3,2957,0,1,0,1,130
1,1,2918,1,1,0,0,0
1,0,3401,1,0,0,0,0
1,1,2355,0,0,0,0,0
0,1,2220,0,1,0,1,171
0,0,3746,0,1,0,0,0
0,5,519,1,0,0,1,585
1,0,2740,0,1,0,0,0
0,2,2142,0,0,1,1,174
1,1,597,1,0,0,1,240
0,0,3394,1,1,0,0,0
1,1,1618,1,0,1,0,0
1,1,1168,1,0,0,1,40
1,0,3694,1,0,0,0,0
1,5,1374,0,1,0,1,369
1,2,1995,1,0,1,1,117
1,0,3507,0,0,0,0,0
1,1,1415,0,0,1,0,0
1,1,204,0,1,0,0,0
1,1,3201,1,1,0,1,129
1,3,2872,1,0,0,1,122
1,1,1795,0,0,0,1,230
1,1,581,1,0,0,1,331
1,0,3680,0,1,0,0,0
0,2,2459,1,1,0,1,153
1,2,1842,0,0,1,0,0
1,0,3747,0,1,0,0,0
1,5,216,1,1,1,1,123
0,2,2831,1,1,0,1,170
1,1,2417,1,1,0,1,130
1,1,3944,1,1,0,1,128
1,2,1646,1,0,1,1,130
1,1,2564,0,0,0,1,130
1,2,3374,1,0,1,1,128
1,2,3759,0,1,0,0,0
1,3,1134,1,0,0,1,406
1,1,1680,1,1,0,1,116
1,0,1870,0,1,0,0,0
1,3,465,0,1,0,1,133
1,2,3642,0,0,0,1,129
0,3,260,0,0,1,1,135
1,2,3914,0,0,1,1,581
0,2,3521,0,0,0,1,53
1,2,1850,0,0,0,1,35
1,0,181,1,0,0,0,0
1,1,2257,1,0,0,1,91
1,1,2809,0,1,0,0,0
1,2,1842,1,0,1,0,0
1,1,2878,0,0,0,0,0
1,2,2199,1,1,0,1,81
1,1,2445,1,0,1,1,35
1,1,3208,0,0,0,0,0
1,1,2481,1,1,0,1,153
1,1,216,1,0,1,0,0
1,7,216,1,1,1,1,150
1,1,3199,1,0,0,1,159
1,1,2781,1,0,0,1,130
1,1,2229,0,1,0,0,0
0,0,238,1,1,1,0,0
1,0,3398,0,1,0,0,0
1,2,2326,1,1,0,1,161
1,1,3630,0,1,0,0,0
1,1,2751,1,1,0,0,0
1,1,532,0,0,1,0,0
1,1,3548,0,0,0,0,0
0,1,2962,0,0,0,1,136
1,1,90,1,0,1,0,0
1,1,2863,0,1,0,0,0
1,2,162,1,1,0,1,1162
0,0,2257,0,1,0,0,0
1,0,2877,0,0,0,0,0
1,12,520,1,0,0,1,1195
0,1,2878,0,1,0,0,0
1,0,3522,0,1,0,0,0
0,1,1491,0,0,0,1,57
1,2,1837,1,0,1,0,0
1,1,717,1,0,0,1,30
1,3,3740,0,0,0,1,98
1,2,2957,0,1,0,1,129
1,0,3745,0,1,0,0,0
1,2,3213,1,0,1,1,34
1,1,1554,0,0,0,1,277
1,0,1598,0,0,0,0,0
1,1,554,1,0,0,0,0
1,1,3791,1,0,0,0,0
1,0,1709,0,0,0,0,0
1,1,1885,0,1,0,0,0
1,1,4065,1,1,0,1,128
1,2,850,1,1,0,1,210
1,5,15,0,1,0,1,142
1,1,3390,1,1,0,0,0
1,1,2361,0,1,0,0,0
0,1,2704,0,1,0,0,0
1,0,3680,0,0,0,0,0
1,1,120,0,1,0,1,149
1,1,3478,0,0,0,0,0
1,1,582,0,1,0,1,69
1,1,2704,1,1,0,1,8
1,7,1128,1,1,1,1,236
1,2,3944,0,1,1,1,362
0,0,3094,0,1,1,0,0
0,2,114,1,1,0,0,0
1,2,3381,1,0,0,1,98
1,1,3158,0,0,0,1,34
1,1,2759,0,1,0,1,35
1,2,1752,0,1,1,0,0
1,3,792,0,1,0,1,331
1,0,3394,0,1,0,0,0
1,0,4096,0,1,0,0,0
1,1,3327,1,1,1,1,98
1,1,2848,0,0,0,0,0
1,1,331,1,1,0,0,0
0,1,2662,0,0,0,0,0
1,1,1032,1,1,0,0,0
0,1,2466,0,1,0,0,0
1,0,3171,0,1,1,0,0
1,0,2891,1,0,0,0,0
0,2,3157,1,1,0,1,162
1,2,490,1,0,0,1,276
1,2,2012,1,1,1,1,160
0,1,2487,1,0,0,1,163
1,1,3342,0,1,0,1,98
1,1,2787,1,0,0,0,0
1,0,1164,0,1,0,0,0
1,1,2872,0,1,0,0,0
0,1,1091,1,1,0,0,0
1,0,4157,1,0,0,0,0
1,3,2829,0,1,0,1,163
1,2,1346,0,1,1,0,0
0,1,1017,0,0,0,1,197
1,1,3024,0,1,0,0,0
1,1,581,0,1,1,1,203
1,0,2221,0,1,0,0,0
1,1,3397,1,1,0,0,0
1,4,2807,1,0,1,1,239
1,1,3041,1,0,0,1,30
1,0,3423,1,1,0,0,0
1,2,1582,0,1,1,0,0
1,3,441,0,1,0,0,0
1,1,3397,0,0,0,0,0
1,2,2723,0,0,0,1,161
1,1,3397,1,0,0,0,0
0,1,2878,1,1,0,0,0
1,1,2402,0,1,0,1,85
1,1,709,1,0,0,1,160
1,1,1962,0,0,1,0,0
1,1,1673,1,0,0,1,129
1,3,804,1,0,1,0,0
1,1,2379,0,1,0,1,207
1,3,1248,0,0,1,1,202
1,1,3883,1,0,0,1,97
1,3,1809,1,1,1,1,58
1,0,3852,0,1,0,0,0
1,0,136,0,1,0,0,0
1,1,994,0,1,0,0,0
1,5,549,1,1,1,1,484
1,1,2941,0,0,0,1,285
1,1,609,0,1,0,1,162
1,3,2158,1,1,0,1,64
0,0,2768,0,1,0,0,0
0,1,1052,0,1,0,1,170
1,2,2466,1,0,0,1,188
1,0,3558,0,0,0,0,0
1,2,1882,0,0,1,0,0
1,1,2897,1,0,0,0,1
1,2,1563,0,0,0,1,160
1,1,3166,1,0,1,0,0
1,0,1072,0,0,0,0,0
1,1,3650,0,0,0,0,0
1,2,465,1,0,1,1,260
1,1,3496,0,1,0,1,40
0,1,3597,0,1,0,0,0
1,0,3507,0,0,0,0,0
1,2,841,0,1,1,0,0
1,4,1128,0,1,0,1,620
1,2,3382,1,1,0,1,132
1,1,1058,0,0,1,0,0
1,1,582,1,1,0,1,89
1,2,1582,1,0,1,0,0
1,1,2313,0,1,0,1,140
0,1,1437,0,1,0,0,0
1,2,1879,0,1,1,0,0
1,1,4036,0,0,0,1,65
0,1,770,0,1,0,1,43
1,1,869,1,1,0,0,0
0,1,1521,0,0,0,0,0
1,2,1120,1,0,0,1,193
1,2,1498,1,0,1,1,344
0,1,2634,0,1,0,1,116
1,2,1120,0,1,0,1,124
1,1,2452,1,1,0,1,100
1,2,3769,0,0,0,0,0
0,3,1436,1,0,1,1,192
1,2,1625,0,0,0,1,169
1,1,608,0,1,0,0,0
1,0,1112,0,0,0,0,0
1,2,3054,0,1,1,1,99
1,3,1130,0,0,0,1,274
1,3,3583,0,0,0,1,100
1,2,3695,0,1,0,1,129
1,1,1968,0,0,0,0,0
1,1,1233,0,1,0,0,0
1,1,2158,1,0,0,0,0
1,4,567,1,0,1,1,410
1,0,104,0,0,0,0,0
1,2,3660,0,1,0,0,0
1,1,2947,0,1,0,1,230
1,1,4157,1,0,0,1,33
1,2,3436,0,0,0,1,98
0,2,1801,0,0,1,0,0
0,0,3107,1,1,0,0,0
1,0,3201,0,1,1,0,0
1,1,198,1,0,0,0,0
1,0,3746,0,0,0,0,0
1,3,3570,1,0,0,1,98
1,2,3670,1,1,0,1,19
1,1,1240,0,1,0,0,0
1,0,3311,0,1,0,0,0
0,3,1442,0,0,1,1,79
1,0,71,0,0,0,0,0
0,0,653,0,0,0,0,0
1,1,1605,1,1,0,1,85
1,3,1164,1,1,0,1,349
1,1,829,0,1,0,0,0
1,1,2905,0,0,0,0,0
1,1,216,0,1,1,0,0
1,0,2773,1,1,0,0,0
1,0,2735,0,1,0,0,0
1,1,1991,0,0,0,1,103
1,1,3264,0,1,0,1,39
0,2,822,1,0,0,1,71
1,1,1752,0,1,0,1,54
1,2,479,1,1,0,1,204
1,3,2564,0,1,0,1,73
1,1,2058,0,1,1,0,0
1,0,1274,0,1,0,0,0
1,2,1710,0,0,1,1,167
0,2,1463,0,1,1,0,0
0,0,3694,0,0,0,0,0
1,1,2828,0,1,0,1,130
1,2,1043,0,1,0,1,335
1,2,2080,1,1,0,1,130
0,0,3747,1,0,0,0,0
1,0,3746,1,0,0,0,0
1,0,744,0,1,0,0,0
1,2,2656,0,1,0,1,85
1,1,1154,1,1,1,1,44
1,1,2815,0,0,0,0,0
1,2,1758,0,0,1,0,0
1,0,3159,0,0,0,0,0
1,0,3423,0,1,0,0,0
0,1,1319,1,1,0,0,0
1,3,3374,0,1,1,1,163
1,2,744,0,1,1,0,0
1,2,1710,1,1,1,0,0
1,2,539,1,1,0,1,131
1,1,2333,0,1,0,1,161
1,1,2626,1,1,0,1,25
1,1,2375,1,1,0,1,145
1,0,2779,1,1,0,0,0
1,2,2887,0,1,1,1,159
1,2,834,1,1,1,0,0
1,1,2796,0,0,0,0,0
0,1,1464,0,1,0,0,0
0,0,3369,1,0,0,0,0
0,1,2590,1,1,0,1,163
1,1,905,0,1,0,1,81
0,2,1379,1,0,1,0,0
1,0,3394,0,0,0,0,0
0,2,2571,0,0,0,1,174
1,2,841,0,0,1,0,0
1,0,3401,1,0,0,0,0
1,1,3502,0,1,0,0,0
1,1,2417,1,1,0,1,270
1,1,3158,0,1,0,1,34
1,1,2387,0,1,1,0,0
0,1,155,0,1,0,1,164
1,0,3507,0,1,0,0,0
1,0,3746,0,1,0,0,0
1,2,807,1,0,0,1,114
1,0,1890,0,0,0,0,0
1,1,3251,1,1,0,1,15
1,1,3269,0,1,0,1,31
1,4,218,1,0,0,1,581
1,1,930,0,1,1,0,0
1,1,890,1,1,0,0,0
1,2,1710,1,1,1,0,0
1,1,2786,0,1,0,0,0
0,11,918,0,1,0,1,1441
0,1,920,1,1,0,0,0
1,4,1240,0,1,0,1,232
1,0,3694,0,1,0,0,0
1,2,4005,0,1,0,1,141
1,2,1618,1,0,1,1,40
1,2,1882,0,0,1,0,0
1,1,1646,0,1,1,0,0
1,3,3573,0,0,0,1,440
1,2,1962,0,0,1,0,0
0,1,1589,1,0,0,0,0
1,1,1277,1,0,0,1,164
1,0,3852,0,1,0,0,0
1,1,3024,0,0,0,0,0
1,0,3107,0,0,0,0,0
0,1,3944,1,1,0,1,49
1,4,801,1,1,0,1,253
1,3,1759,1,1,1,1,130
1,1,2999,1,1,0,1,160
0,4,1794,1,1,0,1,525
1,2,2975,0,0,0,1,160
1,4,610,0,0,1,1,317
1,1,3446,0,1,0,0,0
1,1,862,0,1,0,0,0
1,1,3397,1,0,0,0,0
1,1,869,0,1,0,0,0
1,1,1261,1,0,1,0,0
1,1,1752,0,1,0,1,160
1,1,3822,1,0,0,1,65
1,1,3047,1,1,1,0,0
1,2,744,0,1,1,0,0
1,1,1827,1,1,0,0,0
1,2,3536,0,1,0,1,128
1,3,1121,1,1,0,1,247
1,1,3852,1,1,0,1,128
1,1,608,0,1,0,0,0
1,2,2018,0,1,0,1,161
1,0,2744,0,0,0,0,0
1,2,1240,1,1,0,1,54
1,2,834,0,0,1,0,0
1,3,2438,1,0,1,1,227
0,1,2487,0,0,0,0,0
1,1,2117,0,1,0,1,161
1,1,2138,1,0,1,0,0
1,3,3522,0,0,0,0,0
1,2,2009,0,1,0,1,230
1,0,3694,0,1,0,0,0
0,2,2418,0,0,0,1,263
1,1,1095,1,0,1,0,0
1,0,3747,0,1,0,0,0
1,0,3158,0,0,0,0,0
1,0,162,0,0,0,0,0
1,2,1780,1,0,1,1,130
1,3,2893,0,1,0,1,160
1,0,3680,1,0,0,0,0
1,2,1646,0,0,1,0,0
1,0,2901,0,0,0,0,0
1,1,2863,0,1,1,0,0
1,4,332,1,1,0,1,410
1,2,1465,0,0,0,1,228
1,3,822,0,0,0,1,421
1,2,216,1,0,0,1,43
1,2,834,1,0,1,0,0
1,1,2544,1,0,0,1,130
1,1,2912,1,1,0,1,96
0,1,17,0,1,0,0,0
1,2,1752,1,0,1,0,0
1,1,2508,0,0,0,1,9
1,1,868,1,1,0,0,0
1,0,2900,1,0,0,0,0
1,8,1030,1,0,0,1,819
0,1,3578,1,0,1,1,130
1,1,891,1,1,0,1,163
1,0,2968,1,1,0,0,0
1,1,2962,0,0,0,1,68
1,0,2728,0,0,0,0,0
1,0,1232,0,1,0,0,0
1,1,3171,0,1,0,1,260
0,1,1107,0,0,0,0,0
1,1,3454,0,0,0,0,0
1,2,2527,0,0,0,1,10
1,2,3201,0,0,0,0,0
1,1,3822,0,1,0,1,128
1,3,1794,1,1,0,1,107
1,13,281,1,0,0,1,1443
1,0,3944,1,1,0,0,0
1,0,2742,0,0,0,0,0
1,1,3641,0,1,0,0,0
1,3,2814,0,0,0,1,162
1,1,2107,1,0,0,1,130
0,1,3425,1,1,0,0,0
1,1,1218,1,1,0,1,44
1,3,400,1,1,0,1,522
1,0,3746,0,0,0,0,0
1,7,2842,1,0,0,1,1393
1,3,486,0,1,1,1,266
1,2,3445,0,0,0,0,0
1,0,3680,0,0,0,0,0
0,1,1190,0,1,0,1,205
1,5,1011,0,1,1,1,471
1,0,55,0,0,0,0,0
1,0,3747,0,0,0,0,0
0,1,2053,0,0,0,1,345
0,0,2765,0,0,0,0,0
1,0,3354,1,1,0,0,0
0,0,4036,0,0,0,0,0
1,1,3356,0,1,0,0,0
1,1,3249,0,1,0,0,0
1,0,3522,1,1,0,0,0
1,0,2742,0,0,0,0,0
1,1,3678,1,1,0,0,0
1,1,2530,0,0,0,1,136
1,0,2900,0,1,0,0,0
1,1,4096,0,0,1,1,97
1,1,1638,1,1,0,1,30
1,3,2962,1,0,0,1,162
1,0,3339,0,1,0,0,0
1,1,4096,1,0,0,1,128
1,0,3237,0,0,0,0,0
1,1,1288,1,0,1,1,30
1,7,1502,0,0,1,1,347
1,0,3206,0,1,0,0,0
0,1,3548,1,1,0,0,0
1,2,2072,0,1,0,1,105
1,3,91,1,0,0,1,1370
1,1,2533,1,1,0,1,9
1,0,3680,0,1,0,0,0
1,3,2284,1,0,0,1,271
1,0,2735,0,1,0,0,0
1,3,2799,1,0,0,1,104
1,3,744,0,1,1,1,128
1,1,3791,0,1,0,0,0
0,1,216,1,0,0,1,8
0,1,1556,1,1,0,1,46
1,1,2404,0,0,0,1,114
1,2,2143,0,1,1,0,0
1,1,2100,0,0,0,0,0
1,1,2382,0,1,0,0,0
0,1,659,1,1,0,1,58
1,1,2849,1,1,0,0,0
1,4,871,0,1,0,1,496
1,1,2677,0,1,0,0,0
0,3,1137,0,1,0,1,292
1,2,1752,0,0,1,0,0
0,1,3222,0,0,0,1,33
1,11,220,0,0,0,1,1227
1,4,701,1,1,0,1,290
1,1,2487,1,1,0,0,0
1,2,3791,0,1,1,1,98
0,1,427,0,1,0,1,56
1,0,3394,0,1,0,0,0
0,1,919,0,1,0,0,0
1,3,715,1,1,1,1,129
1,0,3746,0,1,0,0,0
1,3,3521,1,1,0,1,331
1,1,3278,0,0,0,0,0
1,0,3746,1,1,0,0,0
1,1,3229,1,1,0,1,279
0,1,2648,0,0,0,1,46
1,1,868,1,0,0,1,43
1,1,3684,0,1,0,0,0
1,4,442,1,0,0,1,350
1,0,2768,0,1,0,0,0
1,8,1130,1,0,1,1,559
1,1,2828,1,1,0,1,100
1,0,3522,0,0,0,0,0
1,0,3403,1,1,0,0,0
1,1,3242,0,0,0,0,0
1,3,2200,0,1,1,1,161
1,1,3024,0,1,0,0,0
1,1,1010,1,0,0,0,0
1,3,1242,0,0,1,1,165
1,2,834,0,0,1,0,0
0,2,469,0,0,0,1,338
1,1,2016,0,1,0,1,54
0,3,1379,0,1,0,1,143
1,2,2361,1,1,1,0,0
1,1,427,0,1,0,0,0
1,0,2773,1,1,0,0,0
1,1,791,1,1,0,1,68
1,1,3433,0,1,0,0,0
0,1,3548,0,0,0,0,0
1,2,1801,1,1,1,0,0
1,2,1710,0,1,1,1,311
1,1,198,0,0,0,0,0
1,3,1879,0,1,1,1,164
1,1,2438,1,1,0,1,104
1,0,2024,1,1,0,0,0
0,1,1095,0,1,1,0,0
1,1,1836,1,1,0,1,130
1,2,549,0,0,0,1,215
1,4,2052,1,0,0,1,355
1,2,3706,0,1,0,1,228
1,1,3360,1,0,0,1,128
1,4,2240,0,1,1,1,189
1,1,2802,0,0,0,0,0
1,1,1577,0,1,0,0,0
1,1,1052,1,1,0,1,40
1,6,1122,0,0,1,1,425
1,0,3680,1,1,0,0,0
1,5,534,0,0,0,1,361
1,1,1,1,1,0,1,109
1,2,492,0,1,0,1,43
1,1,2285,1,0,0,0,0
0,0,2781,0,1,0,0,0
1,2,472,1,1,0,1,229
1,1,2768,0,1,0,0,0
1,2,2464,1,1,0,1,86
1,0,3403,0,1,0,0,0
1,1,2977,1,1,0,1,160
0,2,469,1,1,0,1,377
1,2,3566,1,1,0,1,229
1,3,2389,0,1,0,1,385
0,1,2249,1,1,0,1,146
1,1,4096,1,1,0,1,229
1,0,2977,0,1,0,0,0
0,1,2794,1,0,0,0,0
1,2,1618,0,0,1,0,0
1,1,3067,0,0,0,1,229
1,1,3822,1,0,0,0,0
1,1,513,1,1,0,1,119
1,2,442,0,0,0,1,138
1,6,471,0,1,1,1,623
1,2,1962,1,0,1,0,0
0,1,1800,0,0,1,0,0
0,5,1340,1,0,0,1,262
1,0,1451,0,0,0,0,0
0,1,912,0,0,0,1,551
1,1,2752,0,1,1,1,35
1,2,1379,1,0,1,1,63
1,2,1415,0,0,1,0,0
1,6,380,1,1,0,1,450
1,2,3791,0,0,0,0,0
1,1,1261,1,0,1,1,44
1,2,1379,0,0,1,1,193
1,1,2072,0,1,0,0,0
1,0,3500,0,1,0,0,0
1,12,220,0,1,0,1,1446
1,1,3339,1,0,0,1,38
0,1,604,1,0,0,0,0
0,2,1521,1,0,1,0,0
1,2,3444,0,1,0,1,71
0,2,1582,0,1,0,0,0
1,0,2905,0,0,0,0,0
1,1,967,1,0,0,0,0
1,2,2571,1,1,0,1,161
1,1,2857,0,0,0,0,0
1,2,1882,0,0,1,0,0
0,0,3502,0,1,0,0,0
1,2,2257,1,0,0,1,264
0,1,2961,0,1,1,0,0
1,2,1882,1,0,1,1,4
1,2,3608,1,0,0,1,22
0,3,486,0,1,0,1,321
1,2,490,0,0,0,1,204
0,1,3040,1,1,0,0,0
0,1,1318,1,1,0,0,0
0,2,1920,1,1,0,1,138
1,2,1882,0,1,1,0,0
1,0,3694,1,1,0,0,0
0,1,2978,1,0,0,0,0
1,2,1882,0,1,1,0,0
1,1,1010,1,0,0,0,0
0,7,700,1,0,1,1,438
1,6,239,1,0,0,1,1161
1,1,486,1,1,0,1,159
1,2,1882,1,1,1,0,0
1,1,3009,1,1,0,1,184
1,1,3311,1,1,0,0,0
1,2,2460,1,1,0,1,162
1,3,455,0,0,1,0,0
1,2,1021,0,1,1,1,285
1,3,1109,0,0,1,1,173
1,1,1350,1,1,0,0,0
1,1,2327,0,0,1,1,158
1,1,724,1,1,0,1,43
1,4,1856,1,0,1,0,0
1,0,3694,0,1,0,0,0
0,1,828,0,0,0,0,0
1,1,2506,0,0,0,0,0
1,2,2960,0,1,1,1,160
0,1,372,0,0,0,1,149
1,2,1962,0,0,0,0,0
1,1,556,1,0,0,1,174
0,0,3124,0,1,0,0,0
1,1,2662,1,1,0,0,0
0,1,3548,1,0,0,0,0
1,1,2404,0,0,0,0,0
1,2,1521,0,1,0,0,0
1,0,3747,1,1,0,0,0
1,1,23,1,1,0,0,0
1,1,658,0,1,0,1,56
0,1,1402,1,0,0,0,0
1,1,3400,0,0,0,0,0
1,1,3458,0,0,0,0,0
1,1,1879,0,0,1,0,0
1,1,2856,0,0,0,0,0
1,1,2872,0,0,0,0,0
0,1,829,0,1,0,1,89
1,1,1779,0,0,0,0,0
1,0,1036,1,1,0,0,0
1,7,360,1,0,0,1,1305
1,1,995,0,1,1,0,0
1,0,3694,1,1,0,0,0
0,3,835,1,0,0,1,241
1,1,890,1,0,0,0,0
1,0,3159,1,0,0,0,0
1,1,3292,0,0,0,1,128
1,1,2467,1,1,0,1,130
1,1,1619,1,0,0,1,20
0,1,1079,1,1,0,0,0
1,1,2739,0,0,0,1,8
1,4,1877,0,0,0,1,255
1,0,2877,0,0,0,0,0
1,1,3286,1,0,0,1,128
1,0,2786,0,1,0,0,0
1,0,2900,0,0,0,0,0
0,0,3747,1,1,0,0,0
1,1,3822,0,1,0,1,97
1,1,23,1,1,0,0,0
1,1,27,0,1,0,0,0
1,1,868,0,1,0,0,0
1,1,456,1,0,1,1,306
1,2,3201,0,1,0,0,0
1,1,134,0,0,0,1,163
1,1,4157,1,1,0,1,254
1,1,204,0,1,0,0,0
0,1,1617,1,1,0,1,170
1,0,1583,0,0,0,0,0
1,1,2863,0,0,0,0,0
1,3,499,1,1,0,1,237
1,1,829,1,1,0,1,202
1,1,220,0,0,0,0,0
1,0,3403,0,1,0,0,0
1,3,835,0,0,1,1,56
1,0,3745,0,0,0,0,0
0,1,437,0,0,0,1,114
1,1,2996,0,1,0,0,0
1,2,2809,0,0,0,1,191
1,0,3746,0,1,0,0,0
1,1,4065,0,1,1,1,99
1,0,3619,0,1,0,0,0
1,2,3641,1,0,0,0,0
1,0,2376,1,0,0,0,0
0,3,743,1,1,1,1,47
1,2,804,1,0,0,1,303
1,0,2786,0,1,0,0,0
0,0,2859,0,1,0,0,0
1,2,1710,0,0,1,0,0
1,2,583,1,1,0,1,149
0,0,2767,0,1,0,0,0
1,0,3914,0,1,0,0,0
1,3,471,1,1,0,1,249
1,5,542,0,0,0,1,578
1,3,463,0,0,0,1,412
1,1,925,1,1,0,1,104
1,1,2863,1,1,0,0,0
0,0,3522,0,1,0,0,0
1,1,3587,1,1,0,1,33
1,1,854,0,1,0,0,0
1,1,2963,1,1,0,1,165
0,0,3507,1,1,0,0,0
1,1,4096,1,0,0,0,0
0,1,1010,0,1,0,0,0
1,0,3747,1,0,0,0,0
0,0,2891,0,1,0,0,0
1,1,3125,1,0,0,1,103
1,2,2899,1,1,0,1,320
1,2,744,0,1,1,0,0
0,1,2564,0,0,0,0,0
1,0,3747,0,1,0,0,0
0,2,3474,1,1,0,1,45
1,1,1646,0,1,1,0,0
1,0,3680,0,0,0,0,0
1,5,525,0,1,0,1,490
1,0,3353,0,0,0,0,0
0,0,2765,1,0,0,0,0
1,0,3114,0,0,0,0,0
1,1,2558,1,1,0,0,0
1,1,2634,0,1,0,0,0
0,4,1018,1,0,0,1,405
1,2,869,0,1,0,1,117
1,1,689,1,0,0,0,0
1,2,2856,0,0,0,1,78
0,0,2632,0,0,0,0,0
1,1,2943,1,1,0,1,183
1,1,2851,0,1,0,0,0
1,1,2522,0,1,1,0,0
1,1,3772,0,1,0,0,0
1,4,37,0,0,1,1,624
1,0,3401,0,0,0,0,0
1,2,2318,1,0,0,1,161
1,2,2165,1,1,0,1,157
1,1,2838,1,0,0,1,35
1,0,2730,0,0,0,0,0
1,0,1451,1,1,0,0,0
1,6,408,1,0,0,1,197
1,1,3180,0,0,0,0,0
0,1,532,0,0,0,0,0
1,2,2817,1,0,0,1,163
1,1,3613,0,1,0,0,0
1,3,1877,1,1,0,1,212
1,1,3270,0,1,0,1,38
1,1,3143,0,1,0,1,229
0,2,511,0,0,1,1,173
1,0,2009,0,1,0,0,0
1,3,1017,1,1,0,1,254
1,1,2744,1,1,0,1,230
1,2,1521,1,0,1,1,40
1,1,784,1,1,1,0,0
0,3,1121,1,1,0,1,288
1,1,2787,1,1,0,0,0
1,1,2255,0,1,0,1,161
0,2,1618,0,1,1,0,0
1,2,1436,0,1,1,0,0
1,2,1275,1,1,1,1,140
0,1,3548,0,0,0,0,0
0,3,1241,1,0,1,1,255
1,1,3215,0,0,0,1,230
1,1,1962,0,0,1,0,0
1,0,3403,1,1,0,0,0
1,2,3564,1,0,1,1,128
1,4,463,0,1,0,1,517
1,0,2569,1,0,0,0,0
1,1,1221,1,1,1,1,164
1,3,1430,0,1,1,1,65
1,1,364,0,1,0,1,149
1,0,3694,0,1,0,0,0
1,4,463,0,0,1,1,406
1,1,3304,0,0,0,1,129
0,0,4096,0,0,0,0,0
1,1,2977,0,0,1,0,0
1,0,3852,1,0,1,0,0
1,0,3354,0,1,0,0,0
0,1,2274,0,0,0,1,46
1,1,1221,1,1,1,1,44
1,1,3464,1,1,0,0,0
1,1,3269,1,0,0,0,0
1,2,3426,1,0,0,1,198
1,2,3243,1,0,1,1,7
1,1,3883,1,0,1,1,128
1,1,3353,1,0,0,1,213
1,1,1147,1,1,0,1,201
1,0,3852,0,0,1,0,0
1,1,2527,1,0,0,1,161
1,2,1758,0,0,0,1,230
1,1,216,0,0,1,0,0
1,1,792,1,1,1,0,0
1,1,3717,0,1,0,0,0
1,1,3755,0,1,0,0,0
1,1,4188,1,0,0,0,0
1,1,666,0,0,0,1,265
1,2,3605,0,0,0,1,246
1,0,3536,0,1,0,0,0
0,2,255,1,1,0,1,318
0,0,2915,0,1,1,0,0
1,0,3401,0,0,0,0,0
1,5,1857,0,1,0,1,240
1,1,890,1,1,0,0,0
1,1,2807,1,0,0,1,54
1,0,167,0,0,1,0,0
1,1,1897,0,0,0,1,165
1,1,2618,0,0,0,0,0
0,3,1969,1,0,1,1,171
1,2,3709,1,1,0,1,98
1,1,217,1,1,0,1,40
1,0,2773,1,0,0,0,0
1,0,3430,0,0,0,0,0
1,5,295,1,1,1,1,531
1,0,3944,0,1,0,0,0
1,1,2914,1,1,0,1,85
1,0,3680,1,0,0,0,0
0,1,3328,0,1,0,0,0
1,2,1521,1,1,1,0,0
0,2,1752,0,0,1,0,0
1,0,3746,1,0,0,0,0
1,4,2850,1,1,1,1,129
1,2,1752,1,1,1,0,0
1,5,72,1,1,0,1,229
1,2,744,0,1,1,0,0
1,1,2128,0,0,0,0,0
1,9,1128,1,1,0,1,1289
1,0,3680,0,1,0,0,0
1,0,3104,0,1,1,0,0
1,1,2310,0,1,0,1,100
1,1,897,1,0,0,0,0
1,3,2235,1,0,0,1,390
1,1,1878,1,1,0,1,35
1,1,3020,0,1,0,1,129
1,2,1592,1,0,1,1,40
1,4,14,1,0,1,1,303
1,0,3747,0,1,0,0,0
1,0,462,0,1,0,0,0
1,1,2696,0,0,0,1,230
1,1,3066,0,1,1,0,0
0,1,2101,0,1,0,1,146
1,6,1581,0,1,0,1,158
1,3,1168,0,1,1,1,40
1,2,1882,0,1,1,0,0
1,1,2383,0,0,0,1,161
0,2,2548,1,1,0,1,236
1,1,2912,0,1,0,1,161
1,3,1021,1,0,0,1,182
1,0,4157,1,0,0,0,0
0,2,1701,0,1,0,1,192
0,0,3401,1,0,0,0,0
1,10,289,0,1,0,1,1214
0,0,3401,0,0,0,0,0
1,2,3374,1,0,0,1,130
1,1,1491,0,1,0,0,0
1,1,2719,1,0,0,1,105
0,1,1228,0,1,0,0,0
1,0,3694,1,1,0,0,0
1,1,647,1,0,0,0,0
1,1,2982,0,1,0,0,0
1,3,995,1,1,0,1,236
1,1,178,0,1,0,0,0
1,2,1780,0,1,1,0,0
1,1,653,0,0,0,1,263
1,3,1995,0,1,1,1,220
1,0,3394,1,0,0,0,0
1,0,3680,0,1,0,0,0
0,1,2268,1,1,0,0,0
1,0,2725,1,1,0,0,0
1,1,2400,0,1,0,1,161
1,1,1512,1,0,0,0,0
1,3,3620,1,0,0,1,72
1,2,429,0,1,0,1,303
1,1,2318,0,0,0,1,85
0,0,3489,0,1,0,0,0
0,1,1058,1,0,1,0,0
0,1,28,0,0,0,1,255
1,0,2173,0,0,0,0,0
1,3,1879,1,1,1,1,258
0,0,2982,0,1,0,0,0
1,2,2891,1,1,0,1,153
1,2,1920,1,1,1,1,130
1,2,1646,0,1,1,0,0
0,3,822,0,0,0,1,429
0,2,1962,0,0,1,0,0
1,1,1100,1,0,0,1,164
0,2,2863,0,1,0,0,0
0,3,2333,0,1,0,1,175
1,1,3660,1,1,0,0,0
1,0,3159,0,0,0,0,0
1,1,2962,1,1,0,1,128
1,0,3122,0,0,0,0,0
1,1,608,1,1,0,0,0
1,0,2901,0,1,0,0,0
1,1,3157,1,1,0,1,220
1,1,890,0,1,0,0,0
1,1,2400,1,1,0,1,13
1,1,644,0,1,0,0,0
1,1,2677,0,0,0,1,161
1,3,772,0,0,0,1,551
1,3,2887,0,1,0,1,162
1,1,1261,1,0,1,1,45
1,2,1346,0,0,0,0,0
1,0,2765,0,1,0,0,0
1,0,2900,1,0,0,0,0
1,0,2508,0,0,1,0,0
1,0,2018,0,0,0,0,0
1,2,1801,0,0,1,0,0
0,1,255,1,0,0,1,244
1,2,217,1,1,1,1,81
0,1,658,0,1,1,1,203
1,1,2723,0,1,0,0,0
1,1,2464,0,0,0,1,35
1,2,1842,0,1,1,0,0
1,1,2960,0,0,1,1,160
1,0,3694,0,0,0,0,0
1,2,1498,0,1,1,0,0
1,0,1242,0,0,0,0,0
1,1,3249,0,0,0,0,0
0,1,2880,1,1,0,0,0
1,0,2960,0,1,0,0,0
0,1,2282,0,0,1,0,0
1,2,1346,0,1,1,0,0
1,1,1968,1,0,0,0,0
1,0,3522,1,0,0,0,0
1,1,3125,1,0,0,0,0
0,1,687,0,1,1,0,0
0,1,3458,0,1,0,0,0
0,0,2728,0,0,0,0,0
1,1,889,1,0,0,0,0
1,3,3433,1,1,0,1,99
1,1,192,0,0,0,0,0
1,0,2779,1,1,0,0,0
0,0,3528,0,0,0,0,0
1,2,3390,0,0,1,1,98
1,0,3061,0,0,1,0,0
1,2,2142,0,1,0,1,68
1,1,2873,1,1,1,1,128
1,0,553,0,0,0,0,0
1,1,2848,0,0,0,0,0
1,2,1995,1,0,1,1,117
1,1,3461,1,1,0,1,198
1,0,3536,1,0,0,0,0
1,5,1240,0,1,0,1,271
1,0,3747,0,1,0,0,0
1,1,2324,0,0,0,0,0
1,0,1044,0,1,1,0,0
0,3,1498,0,1,1,1,162
1,1,3465,0,0,0,0,0
1,0,204,0,1,0,0,0
1,1,2955,1,0,1,1,184
1,0,3619,0,1,0,0,0
1,1,3430,0,1,0,0,0
0,2,1865,1,0,1,0,0
1,1,751,0,1,0,1,43
1,2,3391,0,1,0,0,0
1,1,3683,0,1,1,0,0
1,1,2481,1,1,0,1,130
1,2,3791,0,0,0,1,198
1,1,120,1,1,0,0,0
0,1,2599,1,0,0,1,149
1,2,1135,1,1,0,1,281
0,0,3747,0,0,0,0,0
0,1,4036,0,1,1,1,129
1,0,2186,0,0,0,0,0
1,5,520,0,0,0,1,456
0,2,3552,1,1,0,1,45
0,1,1091,1,0,0,0,0
1,1,567,1,1,1,1,139
1,1,167,1,0,0,1,43
0,0,2803,0,0,0,0,0
1,0,3401,0,1,0,0,0
1,0,3745,0,1,0,0,0
0,1,2697,1,1,0,0,0
1,2,619,1,1,1,1,43
0,1,717,1,1,0,1,40
1,1,3311,0,0,0,0,0
1,1,27,1,0,0,0,0
1,0,2837,0,0,0,0,0
1,2,1149,1,0,0,1,411
1,1,2213,0,0,0,1,65
0,0,2879,0,1,0,0,0
1,2,3405,1,1,0,1,229
1,1,2900,0,1,0,0,0
1,1,1647,1,1,0,1,267
1,2,3374,1,1,0,1,34
1,1,2305,0,0,0,1,161
1,1,2856,1,1,0,1,130
1,1,3600,0,0,1,1,167
1,4,519,0,1,0,1,422
1,2,1752,0,0,1,0,0
1,0,3694,1,1,0,0,0
0,1,2961,0,1,0,0,0
1,1,3464,0,1,0,0,0
1,0,616,0,1,0,0,0
1,1,3052,1,0,0,1,49
1,2,2456,1,0,0,1,266
1,1,1968,0,0,0,0,0
1,2,3615,0,0,0,1,270
0,0,3746,1,1,0,0,0
1,0,1224,0,1,0,0,0
1,1,1008,1,1,0,0,0
1,1,3166,0,1,0,0,0
0,1,976,1,0,0,1,54
1,1,469,0,0,1,1,163
1,0,3914,0,0,0,0,0
1,3,3405,0,0,0,1,131
1,1,2710,0,0,1,0,0
1,0,3694,0,0,0,0,0
1,2,757,0,1,0,1,163
1,6,79,0,0,0,1,415
1,1,861,1,1,0,1,65
0,1,3552,1,1,0,1,100
1,0,2542,0,0,0,0,0
1,1,1112,1,1,0,0,0
1,0,2905,0,0,0,0,0
1,1,1836,1,1,0,1,40
1,1,3615,1,0,0,1,43
1,1,2886,1,0,0,0,0
0,1,2872,0,0,0,0,0
1,2,1780,0,1,1,0,0
1,0,3094,0,0,0,0,0
1,1,923,1,0,0,0,0
1,1,1456,0,1,0,0,0
1,1,3306,0,1,0,0,0
1,1,2298,1,1,0,0,0
0,1,3304,0,0,0,1,140
1,3,3387,1,1,0,1,203
1,0,2885,0,0,0,0,0
0,1,2551,0,1,0,1,282
1,1,2681,1,1,0,1,130
1,1,2996,1,0,0,1,34
1,3,1031,1,0,1,1,214
1,1,2530,0,1,0,1,130
1,1,2690,0,0,0,0,0
1,3,2934,0,0,0,1,160
1,2,3768,1,0,0,1,198
1,1,574,1,1,0,1,495
0,4,1521,1,1,1,1,20
1,5,463,1,1,0,1,402
1,2,1882,1,0,1,0,0
1,3,2348,1,0,0,1,207
0,1,115,0,0,0,1,164
0,2,1197,1,0,0,1,213
0,2,987,0,1,1,1,58
1,1,868,1,1,0,0,0
1,0,3694,0,0,0,0,0
0,1,2891,1,1,1,1,273
1,3,3724,1,0,0,1,38
1,1,3024,1,1,0,1,129
1,1,2982,0,1,0,0,0
1,1,2912,1,1,0,1,161
0,2,3642,1,1,0,1,125
1,2,1240,1,0,0,1,371
0,1,973,1,0,1,1,243
1,3,216,1,1,0,1,360
1,1,2583,0,1,0,1,55
1,0,2373,0,1,0,0,0
1,3,463,1,0,1,1,302
1,3,3376,0,0,1,1,132
1,1,2289,1,0,0,1,230
1,1,3464,1,0,0,1,38
1,2,981,0,1,0,0,0
1,2,2831,0,0,0,1,100
0,1,822,1,1,0,1,56
0,1,1232,0,0,0,0,0
1,1,2831,1,1,0,1,160
1,1,701,0,1,0,0,0
1,1,366,0,0,0,0,0
1,1,2578,1,0,0,1,161
1,3,1206,0,1,0,1,195
1,2,835,1,1,0,1,99
0,2,2233,0,0,0,1,189
1,2,3709,1,1,0,1,198
1,2,3704,1,1,0,1,326
1,1,1267,1,0,0,0,0
1,1,3241,1,0,0,1,48
1,0,2728,0,1,0,0,0
1,1,3243,0,1,0,1,183
1,0,2618,1,0,0,0,0
1,0,2900,0,0,0,0,0
1,1,673,0,1,1,0,0
1,1,2278,0,0,0,1,54
1,0,3944,0,1,0,0,0
1,3,1836,0,0,0,1,179
1,1,2331,0,1,0,0,0
1,1,2074,0,1,0,1,130
1,1,3009,1,0,0,0,0
0,1,640,1,1,0,1,58
1,2,1235,0,0,1,0,0
0,3,1646,0,0,1,1,98
1,0,899,0,1,0,0,0
0,2,2803,1,1,0,0,0
1,2,1868,1,0,0,1,49
1,1,2467,1,0,0,1,136
0,3,1722,0,0,1,1,439
1,0,3680,0,1,0,0,0
1,1,3265,0,1,0,1,98
1,2,3684,1,1,0,1,69
1,1,2618,0,0,0,1,130
1,0,4127,0,1,0,0,0
1,2,1226,0,0,1,1,40
1,2,1582,0,1,0,0,0
1,1,1240,1,1,0,0,0
1,2,2375,0,1,1,1,318
1,5,90,0,0,0,1,399
1,2,1436,0,0,1,0,0
1,1,3311,0,0,0,1,68
1,1,2962,1,1,0,1,181
1,1,2310,1,0,0,1,136
1,4,245,1,0,0,1,655
0,1,1322,0,1,0,0,0
1,4,77,0,0,1,1,407
1,1,2192,1,0,0,0,0
1,1,2690,1,0,0,1,163
1,1,2829,0,0,1,1,185
1,1,253,0,1,1,0,0
1,1,3339,0,0,0,0,0
1,1,2499,1,0,0,1,85
0,0,2009,1,0,0,0,0
1,2,1863,1,0,0,1,136
1,1,2005,0,1,0,0,0
0,1,1164,0,0,0,0,0
1,0,3975,0,1,0,0,0
1,0,3185,0,1,0,0,0
1,3,1400,1,0,1,1,63
1,1,3611,0,0,0,1,173
1,0,2901,0,0,0,0,0
1,1,4036,1,1,1,1,97
0,5,1143,1,0,0,1,1123
1,2,1920,0,1,1,0,0
1,1,2807,0,0,1,1,60
1,0,843,0,1,0,0,0
1,1,3125,1,0,0,0,0
1,1,1584,0,1,0,1,140
0,1,1087,1,1,0,1,263
1,1,723,0,1,1,0,0
1,1,197,0,1,0,0,0
1,4,1856,0,1,0,1,141
0,0,3500,1,0,0,0,0
0,0,3401,1,1,0,0,0
0,1,2996,0,0,0,1,150
1,1,4188,0,0,0,1,127
1,2,1582,1,0,1,0,0
1,2,1646,0,0,1,1,167
1,0,2728,0,0,0,0,0
1,0,2009,0,0,0,0,0
1,2,1582,0,1,1,0,0
0,1,3390,1,0,0,0,0
0,0,3528,0,1,0,0,0
0,3,2682,0,1,0,1,429
1,1,1968,0,0,0,0,0
1,0,3852,1,1,0,0,0
1,1,3262,0,0,0,0,0
1,5,2045,1,1,1,1,187
1,1,2150,1,1,1,0,0
1,0,3131,0,0,0,0,0
1,0,2996,0,1,0,0,0
0,1,71,1,1,0,1,55
1,1,164,0,0,0,1,135
0,1,2670,0,1,0,0,0
1,0,2735,0,0,0,0,0
0,1,3325,1,1,0,0,0
1,0,2732,0,0,0,0,0
1,2,1823,0,1,0,1,75
1,2,2080,1,1,1,1,161
0,1,2466,0,0,0,1,274
1,1,160,1,0,0,0,0
1,0,3747,0,0,0,0,0
0,2,1275,0,0,1,0,0
0,1,2878,0,1,0,0,0
1,3,1976,1,0,0,1,67
1,0,3746,0,0,0,0,0
1,0,2900,1,1,0,0,0
1,2,3419,1,1,0,0,0
1,1,2128,1,0,0,1,80
1,1,1128,0,1,0,1,153
1,0,3401,0,0,0,0,0
1,2,1563,0,0,0,1,463
1,1,2415,1,0,0,0,0
1,0,3747,0,1,0,0,0
1,1,2936,1,0,0,1,66
1,1,4005,1,1,0,1,68
0,1,1416,0,0,0,0,0
0,1,1528,0,1,0,0,0
1,2,1382,1,1,0,1,159
1,2,1856,0,1,1,0,0
1,1,260,0,0,0,1,148
1,1,526,1,0,0,1,280
1,1,3360,0,0,1,1,247
1,0,3507,1,0,0,0,0
1,1,2291,1,0,0,0,0
1,1,1240,1,1,0,0,0
1,0,1835,0,0,0,0,0
1,1,2317,1,1,1,0,0
1,2,1879,0,0,1,0,0
1,1,2327,1,1,0,1,418
0,2,1856,0,0,1,0,0
1,2,1115,1,0,0,1,390
1,1,2408,0,1,0,1,130
1,1,1128,0,0,1,1,44
1,0,2766,0,1,0,0,0
1,2,1123,1,0,0,1,399
1,2,1823,0,0,0,1,230
1,0,3353,0,0,0,0,0
1,2,1801,0,1,1,0,0
0,1,617,0,1,0,1,178
1,1,416,1,1,0,1,40
1,0,3403,0,1,0,0,0
1,0,3401,0,0,0,0,0
1,2,434,1,0,0,1,184
1,1,3306,0,1,0,1,68
1,1,3125,1,1,0,1,134
1,3,556,0,1,1,0,0
1,7,1710,1,0,1,1,213
0,0,3852,1,1,0,0,0
1,1,2746,1,1,0,1,411
0,2,3579,1,1,0,1,107
1,1,3397,0,0,0,0,0
1,2,3646,0,1,0,1,128
1,0,3747,0,1,0,0,0
0,1,1850,1,0,0,1,136
0,1,3458,1,1,0,0,0
1,1,3177,0,1,0,1,10
1,5,1577,1,0,1,1,588
1,0,3694,1,1,0,0,0
1,1,2380,1,0,0,0,0
1,1,2787,0,0,0,1,4
1,0,1710,0,0,0,0,0
1,1,709,1,1,1,0,0
1,1,920,0,1,1,1,141
1,1,2417,0,0,0,1,85
1,2,1962,0,0,1,0,0
0,1,1774,1,0,1,0,0
1,2,2284,0,1,1,1,251
1,1,539,1,0,0,0,0
1,1,3583,1,0,0,1,43
1,9,216,1,0,1,1,378
1,2,1856,0,1,1,0,0
1,0,1352,0,0,0,0,0
1,2,962,1,1,0,1,206
1,0,3171,0,1,1,0,0
1,1,198,0,0,0,0,0
0,0,3164,0,0,1,0,0
1,1,2446,0,0,1,1,100
1,1,1877,1,1,0,1,56
1,0,2900,0,0,0,0,0
1,0,2004,0,0,0,0,0
1,1,192,1,0,0,0,0
1,1,532,0,1,1,0,0
1,1,3222,1,1,0,1,34
0,0,2669,0,1,0,0,0
1,2,1618,0,1,1,1,3
0,0,470,0,1,0,0,0
1,1,3243,1,0,0,1,252
1,0,3694,0,1,0,0,0
0,1,3453,1,0,0,0,0
0,1,1036,0,1,0,0,0
1,15,192,0,0,0,1,1133
0,2,1752,0,0,1,0,0
1,1,2311,1,1,0,0,0
1,1,2998,0,1,0,1,410
1,1,1261,1,1,0,1,44
1,1,2634,1,0,0,1,74
1,1,1514,0,1,0,0,0
1,1,3229,0,0,0,1,136
1,0,3746,1,1,0,0,0
1,1,702,1,1,0,0,0
1,4,227,1,1,1,1,508
0,2,3496,0,0,0,1,3
0,5,644,1,0,1,1,260
1,3,1878,0,1,0,1,182
1,1,1968,1,0,0,0,0
1,7,1130,1,1,0,1,1055
0,1,3311,0,1,0,0,0
1,2,360,0,1,0,1,279
1,8,91,0,0,0,1,1326
1,1,2905,1,1,0,0,0
1,4,875,0,1,1,1,197
1,0,896,0,0,0,0,0
1,1,862,0,0,0,0,0
1,1,2243,1,0,0,0,0
1,0,2859,0,1,0,0,0
0,1,2744,0,1,0,0,0
1,1,2787,0,1,0,0,0
1,1,3523,1,0,1,1,98
1,1,3229,1,1,0,1,68
1,2,2971,1,1,0,1,316
1,0,3487,0,1,0,0,0
0,1,2850,0,1,0,0,0
0,1,1018,0,0,0,0,0
1,1,1948,1,1,0,1,54
1,1,3416,1,1,0,1,10
0,0,2844,1,0,0,0,0
1,1,604,0,1,0,0,0
0,1,4127,0,0,0,1,35
1,2,1983,1,1,0,1,190
1,0,3041,0,1,0,0,0
1,1,3249,0,0,0,0,0
0,1,2880,0,1,0,0,0
1,0,3401,0,1,0,0,0
1,1,3177,1,0,1,0,0
1,2,2366,1,1,0,1,288
0,2,982,0,1,1,0,0
1,2,2831,0,1,1,1,161
1,1,192,1,0,0,0,0
1,2,3703,0,1,0,0,0
1,1,723,0,0,1,0,0
1,0,2997,1,1,0,0,0
1,0,2425,0,0,0,0,0
1,2,2326,1,1,0,1,343
1,1,2796,1,0,0,0,0
1,2,470,1,0,1,1,242
0,1,967,0,0,1,0,0
0,0,2950,1,0,0,0,0
1,3,1658,1,1,1,1,184
1,1,2324,0,0,0,0,0
1,1,945,0,1,0,0,0
1,2,721,1,0,0,1,83
1,2,3354,1,0,0,1,345
1,2,2456,0,1,0,1,220
1,1,3069,0,1,1,0,0
1,1,1095,1,0,0,0,0
1,3,2836,1,1,0,1,506
0,1,2955,1,1,1,1,173
0,1,3342,0,1,0,1,110
1,1,974,0,0,0,0,0
1,0,1653,0,0,0,0,0
0,2,3276,1,0,0,1,140
0,1,2975,1,0,0,0,0
0,0,3494,0,1,0,0,0
0,2,1962,1,0,1,1,138
1,1,1346,1,0,1,0,0
1,1,2752,0,0,0,0,0
1,2,2759,0,1,0,1,136
1,1,512,0,0,1,0,0
1,0,3120,0,0,0,0,0
1,2,744,0,0,1,1,163
1,1,1646,1,0,1,0,0
1,1,4005,1,0,0,1,43
1,1,2656,1,1,0,1,130
1,1,2415,0,0,0,0,0
1,1,2158,1,0,0,1,10
1,1,2107,1,1,0,1,161
1,1,304,0,1,0,0,0
0,1,2918,0,0,0,0,0
1,1,960,0,1,0,1,81
1,2,2080,0,0,1,0,0
1,1,3398,0,1,0,1,10
1,1,2257,1,0,0,1,130
1,1,3517,1,0,0,0,0
1,1,2418,1,1,1,1,161
1,0,3522,0,1,0,0,0
1,1,3436,1,1,0,0,0
0,0,2984,1,0,0,0,0
1,1,3590,1,1,0,1,228
1,1,3513,1,1,0,0,0
1,1,608,0,0,0,0,0
1,2,841,0,1,1,0,0
1,9,216,0,1,0,1,1176
1,0,3159,0,1,1,0,0
1,1,868,0,0,0,0,0
1,1,2102,0,1,0,1,54
1,3,3662,1,0,0,1,128
1,2,3662,0,0,0,0,0
1,2,1123,0,1,0,1,42
1,2,3548,1,1,1,1,131
0,0,3694,0,1,0,0,0
1,2,1710,0,0,1,0,0
1,0,2172,0,1,0,0,0
1,1,896,0,1,0,0,0
0,1,1073,1,0,0,1,105
1,1,3587,1,1,0,1,43
1,0,3507,1,1,0,0,0
1,1,2775,0,1,0,1,33
1,3,2143,1,0,1,1,242
1,0,3680,0,0,0,0,0
0,5,1170,1,0,0,1,598
1,3,1842,0,1,1,0,0
1,2,239,1,1,0,1,1200
1,0,2765,0,0,0,0,0
1,0,3747,0,0,0,0,0
1,2,1392,1,1,0,1,303
1,1,532,1,1,1,0,0
1,0,1962,1,0,0,0,0
1,2,3340,0,0,0,1,199
1,1,3019,1,1,0,1,184
0,1,2767,1,0,0,0,0
1,0,3500,1,1,0,0,0
0,1,1052,1,1,1,0,0
1,0,2422,1,1,0,0,0
1,2,1646,0,0,1,1,130
1,0,3522,0,1,0,0,0
1,3,1739,0,0,1,1,58
1,1,15,0,1,0,0,0
1,2,458,0,0,0,1,142
1,1,2128,0,0,0,0,0
1,1,2509,0,1,0,0,0
1,1,3312,0,0,0,1,132
0,1,1052,0,0,0,0,0
1,0,77,0,0,0,0,0
0,0,2492,0,1,1,0,0
0,1,2859,0,0,0,0,0
1,2,1226,0,0,1,1,104
1,1,668,1,1,0,1,84
1,0,1673,0,1,0,0,0
1,1,3047,0,1,1,0,0
1,1,2744,0,0,0,0,0
1,2,3276,0,0,0,1,128
0,0,3507,0,0,0,0,0
1,3,3215,0,1,0,1,122
1,3,834,0,1,1,1,160
0,4,1135,0,0,0,1,272
1,0,2766,0,0,0,0,0
1,0,3747,0,1,0,0,0
1,0,3522,0,1,0,0,0
1,2,1123,0,0,1,1,217
1,3,598,0,1,1,1,6
1,2,2380,1,1,0,1,88
1,1,532,0,0,1,0,0
1,1,4036,1,0,0,1,30
1,4,841,0,0,1,1,44
1,1,1561,1,1,0,0,0
0,3,1261,1,0,0,0,0
1,1,192,1,1,0,0,0
1,5,465,1,1,0,1,297
0,1,1003,1,1,1,0,0
0,2,1752,0,0,1,0,0
0,0,3394,0,1,0,0,0
1,1,2746,0,1,0,0,0
0,3,2296,1,0,0,1,514
1,1,216,0,1,0,0,0
1,2,3660,0,1,0,1,33
1,2,3222,1,1,0,1,130
1,1,2681,1,1,0,0,0
1,1,2404,1,1,0,0,0
1,1,714,0,1,0,1,163
0,1,2583,0,0,0,0,0
1,2,2296,0,1,0,1,318
0,5,1639,1,0,0,1,563
1,1,2960,0,1,1,1,160
1,0,3746,0,1,0,0,0
1,1,359,0,0,0,1,43
1,0,3619,1,1,0,0,0
1,1,2848,0,1,1,0,0
0,2,519,0,0,0,1,154
1,1,2705,0,1,1,0,0
1,2,3716,0,1,0,0,0
1,1,3655,1,1,0,0,0
1,1,216,0,0,1,0,0
1,1,3914,1,1,0,1,139
1,2,1570,1,1,0,1,203
1,1,3384,0,0,0,0,0
1,0,280,1,1,0,0,0
1,2,1710,0,0,1,0,0
1,0,3522,1,1,0,0,0
1,2,1073,0,1,0,1,57
1,1,3032,0,1,0,0,0
1,0,3369,0,1,0,0,0
1,1,1564,1,1,0,1,91
1,1,3243,0,1,0,1,135
1,2,1000,0,0,0,1,80
0,1,2809,0,0,0,0,0
1,0,2186,0,1,0,0,0
1,2,1899,1,0,0,1,248
1,1,1766,0,1,0,1,142
1,1,3604,0,1,0,0,0
1,1,1288,0,1,0,1,95
1,2,491,1,0,1,1,259
1,2,2012,0,0,1,1,35
1,1,2607,1,1,1,0,0
1,2,1288,1,1,0,1,508
1,1,962,0,1,0,1,263
1,1,1464,1,1,0,0,0
1,1,1919,1,1,0,1,150
1,1,3157,0,0,1,0,0
0,1,2165,1,0,0,1,138
0,1,216,0,1,1,0,0
1,1,3453,1,0,0,0,0
1,3,2837,0,0,1,1,160
1,2,1233,0,1,0,1,81
1,0,3159,0,1,0,0,0
1,2,3541,1,0,1,1,101
1,3,939,0,0,0,1,320
1,2,1135,1,1,0,1,287
0,1,1708,0,0,0,1,98
1,6,778,0,1,0,1,577
1,2,3791,1,0,1,1,98
1,2,3678,0,1,0,0,0
1,1,3020,1,1,0,0,0
0,2,1710,0,0,1,0,0
1,1,3340,1,1,0,1,98
1,2,3381,1,0,0,0,0
0,1,2620,1,0,0,0,0
1,0,3772,0,1,0,0,0
1,2,2044,0,0,1,0,0
1,1,659,1,1,0,1,188
1,4,1710,0,0,1,1,145
0,1,695,1,0,0,1,58
1,1,3299,1,1,0,1,69
0,1,3436,0,1,0,1,1030
1,3,1415,1,1,1,1,130
1,1,2807,0,1,0,1,55
1,2,2466,0,1,0,1,133
1,0,3746,1,0,0,0,0
1,2,1136,0,1,0,1,184
1,1,1701,1,0,0,1,30
1,1,2633,1,1,0,1,10
1,0,3394,0,0,0,0,0
1,1,253,0,1,1,0,0
1,1,1261,0,0,0,0,0